prod_id,summary
B0002VQDVM,"i have used the same battery as a mixer for my old one. i have used the phone for about 2 weeks before i have to use the phone to make it work. it is a very good design, but the device is very flimsy. i have to use a new phone to use the device. i do not know how to use this software, but the first one i tried to clean up all of the colors. i have ordered these to a different display and have not had any problems with it. i would recommend this product to anyone who wants a good product."
B0009MYS9S,i have used this to use a software that was not working. i was very disappointed. the only reason i gave it 4 stars is because it is not a very heavy duty design. the metal is not very bright. the reason i bought the two stars is that it is a bit flimsy. i have to return it and get a better product. i would not recommend this to anyone.
B000BI4KKM,i do not know what happened to this program. i bought it for my daughter who has a problem with the camera. it is a bit too small for the metal. i would recommend this to anyone who is looking for a very good price. very happy with the purchase. it is a great product.
B000CQFMEQ,"i bought this for my gps phone and it is very easy to use. the only thing i have to say is that the software is not very sturdy and does not fit the battery in the world. i wish the program was low and the sound was good. i find that it is a small, but a bit pricey for the product. i would recommend this to anyone who is looking for something more expensive to watch on this side of the house."
B000FYU4SO,"i have been using this software for about 5 months now and the first time i used it is not very easy. the sound is great, it is very hard to use, but it is still good. it is very easy to use and have a good tool. the only thing i have to say is that the battery is not a tit keyboard. it is not as easy as i would have hoped. it is a very good tool to use as a phone for a gps unit. i would definitely recommend this product if you are looking for a replacement"
B000HDZA28,"worked well for the first time and i was not able to find the proper piece of paper. i received a replacement and was able to return the phone. i was told it was a screw, but it does not fit in the picture. i would recommend this product to anyone."
B000I8FWMK,this is not a huge deal for a big box but it is still not a big deal. i really like it and i am happy with it.
B000JCDUFG,i was looking for a new one. i found that the first one was not on the website and i was not able to get it to work with my gps. i do not know if it is the fact that i would have to use it. but these are a great product.
B000M92GLK,"i cannot say anything about the quality of this product. i have not used the magnetic handles, but they are still working on the computer. i do not know how to use it and i have not read the other reviews. it is a very good tool for the price. i have been using this for over a year now and will continue to use it again."
B000Q5J2M6,"i am a fan of the original version of this set. it was a lot of fun. i was very disappointed with this unit. it was not as good as i thought it would be. the only thing i would say is that the problem is that the metal is not a piece of metal holder. the description is not user friendly, but the handle is very small and the metal rod is useless. i have not used it yet, but it was a good purchase."
B000SRGF2W,"i was looking for a new book for my dad, and I am not sure how to describe this book. it is a great product. the book is very well written and is a must have. the book is very good and the author is a good tool. if you are looking for something to do, you will love it. it is a great book for children who love to learn to learn a lot of patience and learn how to learn how to get a good book. this is a great gift for a friend or a friend."
B000WCWUWM,"i am a fan of this book. it is a bit of a pain to see, but the story is a little bit more complex than the original, but it is not as bright as some of the other reviewers. the book is a great album. i really like the fact that they have a lot of features for the price range. it is a little difficult to read, but it is a must have for me. i am sure it is a great book."
B0018969BG,"i have been using this for a couple weeks now and it was so much better. this is a very good product. i have been using it for a few months and it is just what i needed. i would recommend this product to anyone who wants to see my new pc. if you are going to get a new set, this is a good deal."
B001AS6J24,the only thing i wish i could have had a little more time for the phone. i have a few other pieces that are not included in the price and i am happy with the quality of it. i would recommend this to anyone who is looking for a replacement and a nice product.
B001B4AAJ0,"the product is not as strong as i expected. i have a large camera, and it is a big deal. i would have given this 5 stars if it had a good price for the product. however, it is a complete waste of money and it is a bit of a hassle. i had to return it to amazon. i did not expect a phone at all. i would have given it five stars if it was a better product."
B001BB242E,"i bought this for my daughter. it was a gift for my daughter and was able to use the camera on the computer. it will not fit into a computer. the only thing i would give it a negative rating would be to have the same problem, but after a few weeks of use, it has been a great product for the price. i would recommend this to anyone who wants to know how to use it."
B001E42QBW,"this product works fine, but i have had it for almost 2 months now. the software is very flimsy, i have to use them on files for a month and had no power cord. i have purchased the software for the same company, which is a good feature, but the software is not very good at all. the software is not very useful for the price. the only reason i got this one is because it is a very very thin piece of junk."
B001HVWUDG,"i purchased this product for my first time, it is a very difficult to use. the only reason i am not giving this one star is because the metal is a little flimsy. i would not recommend the clamp to anyone who is looking for an alternative to the original version. if you have a problem with a new computer, it is not a bad seat."
B001MYLTDA,"this device is very easy to use. i have only used the phone and it will not work on my computer. i have not used it yet. it is not as easy as it is user, but the software is great. i have a new phone that is a little difficult to find. but i do not know why anyone would want it to work. there are no power cord. i would not recommend this phone to any of those who do not want to use it."
B001N48GGC,i have a few of these and this is not worth the money. i do not recommend this product.
B001NZ0WP4,"i love this cd. it is not the best. it is not a bad cd but i think it is better than the original version of the other ones. if you are looking for a new cd, you will love it. it is not for you but worth it."
B001PKTRVM,"i have been using the new phone for about a year now, and i have had a very good experience. i have returned the phone for about a week and the company was very helpful. i have been using the phone for a few months now and i have not had any problems with the phone. the only thing i wish i had was a little more time to get the phone back and forth from the computer. the phone is extremely nice and works well for me."
B002DRMPMY,this is a good set of software for my young children. this is a very low price and works well. i have a small compact mirror at the same time and it works fine. i would recommend this to anyone.
B002EOTJFM,i have a lot of pens and this is not good at all. i have a new battery for over a year and it works fine. it is not worth it.
B002JWJYX6,"i had to replace it with a new one, but it was a little complicated and i have to use it for the first time i used it. it is a good tool for the price."
B002QIQ76K,"i ordered this for my son to have a few phone on the phone and it was not as easy as i thought it would. i received this phone and it was a bit tricky to hold. it is a lot of stars, but it is a very good product! it is a small price for the quality of the device. i was able to get a new one and it has been great for a while. it is a good value for the money!"
B002S5R4IG,"i was not expecting this product to be a good replacement, but it worked great for me. i was able to use this product for my old media time and it was a good product."
B002V6A2PE,i used this to use it for a refund and it is still a good deal. i have only used 2 of them and the only thing i can say is that it is not a very good tool to use as a new phone. it does not have a lot of bluetooth. it is very easy to use and have a good sound quality.
B002WC7RKA,i used this product for my new pens and it was much less painful. i was very pleased with the quality of the product. it could have been a little easier to use and it was not worth the time. i will not be buying this again.
B0036FTZZW,"after reading the reviews, i was very disappointed. i was not expecting this set to be a pain in the world. it was a complete waste of money and i was very disappointed in the quality of this book. the other two of the characters were great."
B003GLIDRM,i purchased this product for my computer. it was easy to use and it was easy to use. i am very pleased with my purchase.
B003SU4ZRS,i bought this for my printer to use and it is very easy to use. the quality is good and the screen is very comfortable. i will be returning in the future.
B003UO175U,these are a great product. i bought these for my tablet and it worked fine. i would recommend this product to anyone who is looking for a replacement set of paper and a small phone to use. i would recommend these to anyone who is looking for a replacement type of quality device.
B003VDC4PW,i bought these to replace the battery and the battery was not as strong as i expected. the carbonation problem was a little flimsy. the sink is not very sturdy and the ceiling did not fit well. i would buy again if you need a replacement bulb to replace the unit. i would not recommend this product.
B003ZHPWKS,"i was looking for a replacement for my iphone. it was very difficult to find the same product between the same company and the other two. they do not fit in the holder, and it was not even close to me. i was hoping for a better price, but it is not worth it."
B00403MNZ8,i was very disappointed with this book. i had to go to the top of the hall to get a refund.
B0043RTJEY,i received this product because i had bought it on amazon and the other one was in the same day. i was told it would be a bit more than a few days. the only reason i am giving it 4 stars is because it is a piece of junk. it is also not worth the hassle. the only thing i could think of is that it is junk. i will not buy this again.
B0044MPB2W,"this is a great product, but they are not very comfortable. i received a full refund and it was a good price. i would recommend this to anyone who wants a good one."
B0046SHQG8,"i have had this in a few weeks. the second time i used it to get the original light bulb, it was not even close to the first set of the bulb. they are not as strong as i expected. the only thing i have to say about this, is that it does not hold the stainless steel, the cartridge was not very sturdy. i would not recommend this to anyone who has a bad time."
B004BB1OLI,"i bought this for my laptop and the other one was broken and it was not very easy to use. the only downside is that it is not a big deal for the price, it is not a big deal but it works great for the price. i will be using it for the next month."
B004CMIB8K,"i bought this to replace my old one, it is very thin and the metal is too big. i would recommend to anyone who wants a quick, easy, and easy to use for a replacement. it is a good product and is a good price."
B004EYI02S,i have been using this product for a few months now and it is great. i would recommend it to anyone who loves a good price. it is a great product for the money.
B004JZFWVO,"i have been using this product for about a year now, and it is nice and clean. the only reason i am giving it 5 stars is because the tape has a little bit more of a leg to the seat. i am sure that it will last longer than i would have expected. i would recommend this product to anyone."
B004LZ576M,this book is a lot cheaper than i expected. i was looking for a compact cd to go with this cd. it is a shame that the book is not as good as the original version. i am sure it is a great buy.
B004MGCD0I,the handle was very difficult to use and i was not able to get it to work. i was able to get it to work on my computer and it works great. i will not be buying this again.
B004RE2HS8,i was looking for a new one and i was not disappointed. it works as advertised and i was happy with it
B004U349UA,"i had to return the book because i was not excited about the book, but the book was not as bad as i expected. the first thing i noticed was a few of the characters were not up to date and the story of the book is not good. i would not recommend this book. this is a great book, but not for the money."
B004VMZZ3K,"i purchased this product for my daughter. it was a gift for my boyfriend. the only problem is that it is a little difficult to get the battery to be on the shelf without any problems. if you do not have a very high sugar, you will love this product. the only thing i really like is the fact that the keyboard is not available for the time i used it."
B004Z29550,the product was not as sturdy as i expected. i would not recommend this product. i would have given this 5 star rating if i could.
B004ZGH062,"i got the phone to use for the phone and i am very happy with it. the phone is very nice, easy to use and works great!"
B004ZS9ZP4,"i used this product for my wedding, so it is very easy to use. it is a great product for the price. it is a very good price. i would recommend this product to anyone!"
B0052CHOS2,"i bought this product for my wedding and had a problem with the phone. the cord was not a problem, but it was well worth the money. it was a good price for the product and the price. this is a great product for the price. i would recommend this product to anyone."
B0053O8L6I,i was not sure what to expect. it was just a little too big for me. i ordered a small amount of keys and it did not fit. it is a good price for the price. i would recommend it to anyone who is looking for a quick and light bulb.
B005441EVQ,i have a new phone. i have been using it for a few days and it works great. i have a new phone for a few months and have not been able to use it yet. the only reason i did not give it 5 stars is because the volume is not that good. it is still a greatbut the software is not user friendly. the only thing i did not like is that it is very low quality and works well.
B0055AWHP6,"i have a lot of fun and this book is a lot of fun, and i would recommend to anyone who wants to learn the language to get the best on the book. it is a very good value for the money. the only thing i can say about this is that they do not have a lot of space in the book. there is no way to take the steps to the author, it is not the same as the other one in the past."
B0055BKII8,"i got this to use on a computer and it works great. i tried it for a wedding and it is very well designed and easy to use. it is a good product, but it does not work for me."
B0055S1U1K,i really like it. it is a little on the small side and it is a little flimsy but it is not too big that i would not buy it. i do not recommend this product.
B0057BE9PO,"this is a great device, easy to use and easy to use. i have a couple of phones and it works great. i have been using it for years and have not had any problems with it. i have not had any problems with the keyboard."
B005AMUTJ0,i really like the way the book is. it is not as clear as the other ones. it is not a bad thing but i think it is a great buy.
B005BA72GO,i bought this to replace the cartridge for my new one. it is been a long time ago and i am very pleased with the quality of this product. i cannot say enough about the quality of this product. i cannot say enough about how well it is designed to be in a system and is able to use the same product for my new phone.
B005BINK4Y,"i have purchased this phone for the past 5 years and i have had a great product. i have used the software for 3-4 months and have been very happy with the quality. i recommend this product to anyone who needs a quick, inexpensive product."
B005CERU0M,"this is a good product, but i am not sure if i would like it for a long time. it is a very good product. i have not seen any of the other areas that were available at all. i have not used it yet but i think it will be worth the money."
B005DFEFDU,i was surprised to see it came off and it was not a good thing. i would have given it 5 stars but the other two were not as good as the one pictured. maybe i will not be purchasing this again.
B005DMMEMM,"i was not expecting this to be a good book. the book was not as easy as i would have hoped. it was a great story. it is a great book, and i have found that the author was great. this is a good book, but it is not worth the price."
B005I0GXO4,"the book is not as well written, but if you are a fan of the original book, this is not the best book. the book is well written and is very nice. the book is very bright and the voice is perfect. the book is very difficult to read and the author is a little scaring on the guitar, but i do not think it is worth the cost of the price. i would not recommend this book to anyone."
B005ISQ7JM,"i was very disappointed with this book. i had to return it because it is a bit of a pain. i am sure if i find myself on the market for a better program, this would be a great choice."
B005JPT86S,the best part of the book is the ability to get a good view of the history of the old characters. the only thing i can not say about this is that the book is not a problem. i would buy this again.
B005JYUWVY,"i was really excited to give it a try. it was a great set of dvd-player. it is a good product, but not for the money. i am not sure if it is a good thing but it is for sure. it is a good book, but not for the money."
B005KDF8QI,"i do not know how to get this one, i had to use it and it looks like it will not last long. i am using it for a few weeks and it is still working."
B005OGO2AY,i have had to write this review for a while. i love it! the only thing i have to say is that the position is not very bright. i am not sure if it is an issue but it is not as good as the other one. i would recommend this product to a friend.
B005PUZO92,i have been using this for a few years now and have not had any problems with them. i have tried many different colors and have not had any problems with it. the only thing i have not noticed is that it is a bit small and it is not easy to get a good seat.
B005PVXIVM,"these are not very bright. i have a little one and the other one was not working properly, so they are not as strong as i expected, i would not recommend this product to anyone. this is not a good thing i would not recommend this product."
B005QTTDZ8,"i received this product and it was not working properly when i received it, i was not able to use it and it works great and i am sure it will work as a replacement for the money"
B005T54NYK,"i was not a big fan of this book, but it was not the case. i would not recommend this to anyone who knows what it is. it was not a big deal for me. i would not recommend this book."
B005W5W006,it came with a very flimsy plastic pack. i was not able to see the battery in the mirror and it was not very good. i did not notice any difference on the product. i would not recommend this to anyone.
B005Y2MYNK,i am just a bit of a fan. i was excited to see this one. it is a good addition to the end of the world. it is a good book.
B005Z18ULK,i have a very small problem with the camera. i have not used the sticky floor yet. i have no problem with the time that i have to use the software to help you. the sound is good but the only thing is that it is not very sturdy and the plastic is not very useful. i have not used the program yet but i shall be buying another one.
B005Z19G7M,"i had a few of these pens that were not up to date. i had to use a few different ones to do the same thing. i was extremely disappointed with the product and would recommend this product to anyone. the only issue is that the sound quality is not good and the sound was not very good. if you want to keep your fingers in place, you will be disappointed."
B0061N848A,"i was very excited to see the story. it was a wonderful album. the book was a great value, but i was really disappointed with this book. it is not a bad book, but it does not have the same quality of the characters. it is a bit of a hassle to get a table but you will be able to return it."
B0063672C4,i was wrong. the only reason i gave it 2 stars is because the description was not as comprehensive as it was described. but i do not think it is worth the money. it was a waste of money.
B0064GYRFI,"i bought this for my christmas party. it is a little slow to get a hold of the size of the keyboard. it is also a little difficult to use, but it is not a problem. it is a good choice for a quick work and a good price."
B006DI8FIW,it is very flimsy. i was not able to use it. it is a small plastic plastic. it is not very sturdy and the buttons are very thin. i would not recommend this product.
B006G3C8SW,i used it to make a great product and it was a great purchase. it is a gift for my husband and a very big white. she loves to go and she loves the same product.
B006PNKS2Q,i really like this book. it was a great price. some of the other books were just fine. i would have given it 5 stars if it was a better product
B006S4X7DE,"this book is a great book for those who have forgotten about the games. the book is not the best but it is still a good product. i am a fan of the original one on the other side of the book, and this book is very good."
B006SKO09S,i have not used it yet but i have not had any problems with it. i have been using it for about 6 months and it works great!
B006UCVJKM,"i agree with the other reviews, this is a great book. what i did not like was the fact that it is a bit of a hassle for those who want to have a good time. i would recommend this book to anyone who is looking for something to do with the exercises and people who are looking to learn how to use it."
B006VYMHT6,my son was looking for a new one and i have not had any problems with this. it is very flimsy and it is not even the same size as it is supposed to. i think it is a waste of money.
B006W0PPAM,i received it for my new phone and it works well. it is still working fine but i do not recommend it.
B006YXIF8G,i like the way it is made and it is not very bright. the only thing i have to say about this is the light. the metal is not great and it is not very bright. i would say it is a good product.
B006ZDPPBA,the main character is a little bit of a hassle to read. the only thing i have noticed is that the book is not very bright. i would not recommend this book.
B00761OU0C,not what i was expecting but the story was a lot better than i expected. i was able to get a good view of the book and the story is not as good as it is supposed to. if i had known it would be a very good ending.
B007CE0ZA2,"i can honestly say that this is a very good tool, but i can only use it to get the best quality for the money. if you are looking for something for the price, this is not the case."
B007FWO19W,"this book is not as good as some of the other reviewers. the book is not as well written as i would like, but it is not what it is supposed to. the book is not as good as the original one and the story key is not as good as the old one. i would not recommend this book to anyone who is looking for a good book. the book is a big disappointment. i would not recommend this book to anyone who is looking for a good book."
B007HIMU3S,i bought this for my daughter and she loved it. it is a good setup and it is nice to have a good time.
B007Q2ZKD2,"i do not think i will be able to find this cd. i would not recommend this book. it is not for a night or a family of 5-7. it is a very good book, but the book is not worth the money. it is a very good product for a high-end program. do not buy this."
B007RRPPH2,"i had to return them and have them do a good job. i have used the phone and had it to work on the other side of the house. the only thing i could say about it is that the dvd is not very bright and it is not a big deal. if you want to get a reliable look, do not waste your money."
B007SJHHH0,i bought this for my grandmother who has a driver. it was a mess. the battery was not even close to the first time. it is a greatbut it is a bit of a hassle and the thing is too hard to use. i wish i would have known better.
B007X90DNK,it is a little difficult to get the correct size and it does not work at all. i had to buy another one to replace it. i am very happy with it.
B007Y117IC,this is the only one that i could find out there. i have the same issue as it is a small piece of junk and i have had it in the past. it is a decent product but the product is not very good and it is not a good deal for the price.
B007Y73CGQ,this is a very cute little product. i have not used it yet but it is still very good for my daughters. i would recommend this to anyone.
B008327Z6O,i have a short time finding this book. i am sure the book will be more comprehensive. it is a good program for the money. i would recommend buying this product to anyone who wants a good book. i have been using this for years and have been using it for about a year now.
B00853OGS6,the first thing i bought is the fact that it is not even close to the first time. the only reason i gave it two stars is because the handle is not too big so it is not even worth it. i do not recommend this product.
B008B92GJU,this is a very good product. i was able to use it and have it installed. it is a great product for the price. i would recommend this to anyone.
B008HPAHDU,i got a refund and it worked fine. i was able to get it to work for my new set up and now i can find it. the only thing i can say about this is that it is not as bright as it is and is not a big deal.
B008OSES58,this product is not the best i have ever seen. i do not know how to return it. it is very small and it is not a big deal. the battery is very thin and does not fit the buttons of the lens. i was able to use it on the same order and it works fine. it is a good price and a good product.
B008SA15KI,"i was looking for a bad album to read and this was not a bad choice. it is a very good album, but not for the cost of a friend. i would not recommend this product to anyone."
B008UR3L6A,this book was a good tool. the book was a good book for me. it was a great book. i would not recommend this book if you are looking for something to do with the price.
B008ZCO1QY,"the screen is nice, i am very pleased with the quality of the product. i have a very small camera and i have not had any problems with it. i have not used the product yet, but it is a great product. i would recommend this product to anyone to return."
B0091V9BPE,"i am a fan of the original version of this book. it is not a bad book. it is a lot of fun and i would recommend this book to others who are looking to purchase some of the best books. this one is a nice way to read. the book is a little more difficult to read, but it is not a bad book. i have been using this cd for a couple months now and it is really good and the book is good."
B0096HVJGM,i bought this to use a small tape and it is very flimsy. it is not very bright i would not recommend this product at all.
B0098FKJXQ,"this is a great product. i bought this for my wedding day, and it works well. it is a little on the small side and it is not a big deal for my liking. but it is a good product."
B009E5VHOK,i bought this to be on the third floor. the only thing i could say about this is that the sound is very small. i would have given it 5 stars if it were a bit bigger.
B009GSEHR4,it is a very good tool. i bought this for my tablet and it works great. it is easy to use and the sound is good. it is a nice size for the price i paid. i would buy again.
B009GSWUNM,i was not expecting a good book of this book. i was very disappointed. i was able to find the same material for all of us. the only way to get this book is to read the book and get a different set of different options. i think it is a book that will be useful for the best price.
B009HJUQ7M,i got this set for 4 and they are very small. the only thing i have to say is that the plastic plastic on it is only 8 and it is not very sturdy. i would not recommend this to anyone.
B009JAE7NS,i bought this for my sons wedding because of the price. it is very cute and the colors are very nice but it is not very bright and it is not very good for the cost. i have seen a few of these and it is not worth the money.
B009JBABG4,looks great and it was a great price. i had a nice time and it worked great.
B009T75ZNC,it is a good product. the product is great but i did not notice any of the picture of the screen. i was not happy with it. it is a waste of money
B009VY2QOE,this is a great product. i have a new one in the office and it works just fine. i would recommend this to anyone who is looking for a better price.
B009X78DKU,this is a very good product. it is a little flimsy but it is a good price. i used it for a refund and i am happy with it.
B009XL4J4U,the only reason i gave it 4 stars is because i got one of the smallest size i have ever used. it is not worth the money. i would not recommend it.
B009Y39ORY,it is not a good product. i do not know how to get it to work on the camera but i think it is a good thing i would not recommend this to anyone.
B009YC0W3K,very expensive. i could not get the hook for my camera and the faucet was not too long. tried to use it but i was disappointed with the quality of it. it is a complete waste of money and i would not recommend it.
B00A6SNTW2,"i was not expecting this album to be a good value, but it was a good product. i would recommend this to anyone who is looking for a good set of guitar and a good amount of food."
B00AECQJ68,this product worked fine for me. i was not able to use it because it was so difficult to use it. i will be returning again.
B00AEEEUMQ,i have a new one and it has been very annoying. i have used it twice now and it is so much better. i have also tried to use it on the same phone and it is very hard to get the batteries out. it is a good product if you want to use it to hold it together.
B00AGDLWYE,i got this for my mom and she was not very pleased with the product. it was a little difficult to use and it was a little difficult to get in and out of the box and it was not even close to the first time i used it. i will definitely be ordering this again!
B00AJDBGME,i got this set for my daughters and she loves it. it is a little small and i would not recommend it.
B00AKQ082Y,it was a good thing i was not a fan of the characters. it was not at all what i expected. it is not a big deal but it was nice to have a good time.
B00ALAVS46,"i was a little apprehensive about the quality of the book, but this one was a bad way to kill a few hours. the plot is very hard to understand and it is not as good as the old one. the name of the book is a joke. i think she was looking forward to a few more years of her characters and she was not really excited about this book. it is a good way to book the book and get to know what to do with this book."
B00AMRSNTQ,i got a flat white and it was well made and easy to use. i would recommend this to anyone.
B00ARZIOE2,"it was very disappointing. i was not happy with the purchase. it was a bit of a hassle. it is a nice little place, but not worth the money."
B00AT1GM3E,i was not sure if she was the one who was in this book but i was not expecting a good book. she has a very nice story and looks like she has a good voice. she will not be able to find the same way of a book. it is a great concept and i would highly recommend it.
B00ATJC2GM,do not buy this. it is not user friendly. it is a little pricey
B00B04B0KY,"i was not sure if this was a bad thing, but i do not know how to describe this. it is a very good tool. i would have given this one stars if it was a bit more accurate but it was too much for it to be a pain. we shall be returning."
B00B0VZSEG,i am a fan of this book. i used it once and it was just a bit of a pain. i would not recommend this book. it is a good book. just what i needed to do with a friend.
B00B1FDWDK,the only thing i could find is the small size. i think it is not a big deal if you are a big fan of the original ones it is a good way to get the best deal on your face. the only thing i would like is that it is not for the kids. i would recommend to others.
B00B3FROF0,i was looking for something that was not a one. i was not a fan of the product. it is a good deal for the money
B00B3MSD2G,"this book is a complete disappointment. it is a lot of fun and i like it. i have enjoyed the book and the author books. it is a good book for learning all the features. if you are a fan of books, this is a good book."
B00B84UZKW,"i was not expecting much. it was a good tool for what i needed. it is a little difficult to read, but it was still a good deal."
B00BFSM7YS,i was surprised to find a solid product and a very good value for the price.
B00BJ53ANY,the book was not as good as i expected. the story was not even close to what i expected. i would not recommend this book to anyone. it is not worth the money.
B00BJRCM3Q,"i was able to find her own versions of the original one, and it was a great choice. it is a very interesting story. i would recommend this book to anyone who is looking to the book and get a good book."
B00BLV5GPG,"this is a very good product. it is a good product, but not a real bargain for what it is. it is a very good buy for the price."
B00BP0EZ3M,the only reason i gave it 4 stars is because the book is not as good as the picture. i would not recommend this book to anyone.
B00BQYE9H4,i received the product to be installed and it works fine. the only thing i was disappointed with was the plastic tool. i have not had any problems with it.
B00BWVIN9G,i use this product for my new unit. it is easy to use and works well for the price. it is not a problem with the product.
B00BWYDQ36,"the first time i received this album, i have not experienced any of the characters, i thought it was a great book. the book is great, but the only thing i could see is the lack of detail. i would not recommend this book to anyone."
B00BXVHEZY,i have been using it for over a year and have not had a problem. it is a great product. i would recommend this to anyone who wants to get out of the way of a business.
B00C0ZJ42S,"i have two of these pens for my daughter. i have tried using a different brand of cartridges and it works well. this is a good product for the money it is just a big deal. when you have a problem with a new phone, it is a great product!"
B00C6NHLC4,i was looking for a more expensive book! i was surprised that it was not a real deal. i would not recommend this to anyone.
B00C6OORDO,i received it for a refund and it was not going to break. i got it to work and it works as advertised. i would recommend this product to anyone.
B00C74I9Z0,"i bought this for my wedding day, it was easy to use and i love it!"
B00C9TRH7E,"i am not sure what to expect, but it is not a bad choice."
B00CAE71L0,"i was not able to return it, and i could not find it. i am sure this is not an option for the price. it is not a good way to play with."
B00CHQOT2K,"this book is not for everyone. the music is not as good as the original. the book is a great feature of the original story. this version is a nice addition to the side of the country, but not for any other reason. the book is a very good product, but the only way to get the most interesting of this book is the fact that the book is not as strong as the other two tracks. the only thing i have found to say about this book is the fact that it is a very small version of the same two-year-old. in addition to the fact that the country is good, there is no way to make a good album."
B00CINM2YE,"the first time i tried to use it, i had to return it to the third time. i do not think that it will work for the sound of the phone, and i am sure it would be a better option."
B00CKH0X2G,i am always looking for a good book and this was a gift for me. i guess it is not a bad thing to do. but not for this one.
B00CKW2V3A,"i use this software for a sound-boom, and it does not fit my face. i have used it for multiple months and the phone is very small. i have had to use it twice and it is not very good. it is a good product and it is easy to use and it is easy to use."
B00CLRN47G,"the product is not good for the price, i would not recommend this product to anyone."
B00CMRF9YQ,"i was so excited to see this book. i was not sure if i could get a book headset before. it was a joke. there are so many other games that i never have, but i was not expecting this to be a good thing. i think the picture is too small for a book. i think this is a good book."
B00CRAR2GQ,"very good! it was cute and very sturdy. i got a little more expensive, but it is nice to have a good price."
B00CU8OK88,it is a greatbut it is not as good as i expected. i bought it for my wedding and it is a good product.
B00CWL34IK,i received the phone as a gift for my office and it worked great. the screen was not very long and it was not as good as i expected. it is a waste of money. i would not recommend this product to anyone.
B00CX1LJJK,it is a good product but i would not recommend this product. it is not as good as the old one i have. it is a good tool for a quick fix
B00CY0MAJ8,i bought this for my daughter who is in a rush and it works great. it is a great price for a light bulb.
B00CYNN4ZO,i had a one of these phones in this thing and it is very hard to use. i did not use it on my computer cord but it worked great. i was able to use it as a gift for my family and i could not be happier with it. i am very happy with this product!
B00D1PGELA,"it is a bit of a pain to use, but it works fine. i would recommend this product to anyone."
B00DD5UYOG,"i used this product for my tv and it was easy to use and easy to use. the only drawback is that it is not very bright, but it works great and i recommend this product to anyone who is looking to get it together."
B00DD6ICX0,this is a great product. i have purchased the same day and it is very easy to use. i have used it twice now and it is great. i would recommend to others.
B00DGXS9VK,i love this program. the only thing that is a disappointment is that it is small and extremely difficult to get in the way of your car. i would recommend this to anyone who is looking to get a good book.
B00DKHJZUQ,i had to return it and the book was not as good as the original one. i will not be buying another one.
B00DYJ0ZNG,"i ordered this for the first time and it is a great product. it is a very convenient product, but it is a little pricey for the quality and it is not too big for a low price."
B00DZG2XK6,this is a great product. i have not used it yet but i do not know what to say. it is a good product and just what i needed.
B00E6AQ96Y,i bought this for my wedding day and it worked great. it is very easy to use and it is a great product. i have a small and light and the metal was great. i would recommend this to anyone who wants a nice clean and light and easy to use.
B00ECN4PWA,i was not expecting a good book. i was a little disappointed in this book. the author was not for me. i think that was the first one i have ever seen. i am not sure if i would be a fan of this book.
B00ECUG9TA,"i was not expecting a good book, but i wanted to like this book. it was a little tricky to find, but the book was not as pictured as the other. the book is not as good as others. this was a good book for the price. i think this book will not be the same as the original version of the vanji. the book is a little difficult to see in the picture. it is a good book, but i would not recommend it."
B00EDYL3FU,"i was not able to use the book. it was so easy to see, but it is a small book, but not worth the money."
B00EE7213E,the product is not as good as the picture i received. i got a refund and had to replace the battery for a month.
B00EHSUFD8,"i was pleasantly surprised. i had read reviews and found this page for a few days. the only time i used to use it. i am sure the other reviewers would be better off using a higher end. the first one is not as accurate as the ones in the picture, but it is a great book."
B00FCNKTPQ,"i was very excited to see some of the characters i had just received. the book was not a huge deal for me. the only thing i could say about this was the lack of information. i did not read all the descriptions on the book, but i was impressed with the story. the book was great. it was a fun and easy to read, and i would recommend this book to anyone who wants to learn to check it out. it is not a bad choice. just not the best book, but this is a great book."
B00FUUDP1G,"i had a lot of fun. the story was not very good. the door is not very bright and it did not fit the bill. the cage is a joke. i would not recommend this to anyone, it is not too bad. you will not be disappointed."
B00FVXZ57Y,"i have been using this product for the past five years, and have had no problems with this. the story is very good and the results are great."
B00GATDL7O,"this is a very good album of the best cd, but not a fan of the songs. the songs are also very good. it has a pretty good sound for the price, but it is not a good thing, i think it is worth the money."
B00GB0VRZA,i was not thrilled with the book at all. it was a disappointment and the book is the same. i would not recommend this book.
B00GG02SIA,"i was not expecting to see a good book that was not as good as i thought it would be. but i was not impressed with the quality of the repetitive. it is a bit of a hassle to find out there, but that is why i thought it was a good value. i would have given it 5 stars if it were a little bigger."
B00GZAZX2O,i was really looking forward to this book and it was a goodwill not be the first one to get
B00HEWJO7W,i bought this to use for her birthday. it was a good purchase and i would recommend it to anyone who is in need of a quick and easy one.
B00HHH8B0U,it is not a good book. it does not even have any features. there are no lines for the same material and it is not a huge deal to me. i think it will help you get the same thing that i had.
B00IDNLAOQ,this is a great product. i was able to get a good introduction to the original version of the 70s version. the other one is not very good. the only thing i can say about the book is that the main character of the original cast is not a good thing. i was impressed with the quality of the album.
B00IGK7IRO,this is a great book. the book is great for the money and the fact that the book is a joke. it is a great book. i would recommend this book to anyone who is looking for a great book.
B00IGSMYHK,"it is a good book, i would recommend this book to anyone who wants to have a great time. i will be using this for a while."
B00IJKERAM,"this is a very poor product. the only thing i can say about this book is that this is a good deal. if you are looking for a real pro, you will enjoy this book. it is a good one. will be returning."
B00IY5RM04,it was a little hard to read. i had to return it.
B00JPJQR4U,i would not have liked to have a better time. i would not recommend this book. it is not a real album.
B00JW1R79U,i had a hard time finding a book that i wanted to use. it was a great book. the book is great for the price. not a bad choice.
B00JX4TOLA,i was not happy with this. it was a complete waste of money. i think it was a good deal. will be buying again.
B00K7Q8I1A,i had to return it and then the other side of the book is not worth the money. not worth the money.
B00KFAT4QG,"it is a real disappointment. i cannot imagine how much it was worth the price, but it is not worth it. it is not for the price, but it is not worth the money."
B00LADYBSS,not as good as expected but i found the album to be a good value. no complaints.
B00LAGPOO0,i bought this for the first time. the only thing i can say about this book is that the external has a very limited amount of space. it is not for everyone. the only thing i could say is that the book is not as good as the original version. i am very disappointed in this one. i would not recommend this book.
B00M179WOU,"i was so excited to see this book in my book. it was very interesting, but could not hear the person at all. very disappointing. the book was a bit of a pain to me to say for the price and the size of the book that i had to do. i will be returning/back to the other bars to succeed."
B00MF8BJQE,"i was really excited to try this when she is in the area, and it was a good choice. the only thing that i could say, is that the story is very short. it is a very good plot and the story is a bit of a mystery to me. i cannot wait to see if it is the best for an artist, but this album is a must have for the price. i would recommend this book and be sure to buy another."
B00MN06YDM,"this is a good value. it is a good product. she has a real character, loves it. i will be able to see more of the other ones."
B00MWDIUKU,the headset is very small and the metal is not very bright. it does not fit my needs. i think it is a good deal.
B00NQ7K284,i like this book. the only thing i would like to try is the black. the only good thing is that it is not as good as i expected. it is a great book and i would recommend this book to anyone who wants to hang out with a local book. thanks for the help.
